create database regex2;
use regex2;
CREATE TABLE Departments (
    DeptID INT PRIMARY KEY,
    DeptName VARCHAR(100)
);

INSERT INTO Departments (DeptID, DeptName) VALUES
(1, 'Engineering'),
(2, 'Marketing'),
(3, 'HR');
select * from departments;


CREATE TABLE Employees (
    EmpID INT PRIMARY KEY,
    EmpName VARCHAR(100),
    Salary DECIMAL(10, 2),
    DeptID INT,
    FOREIGN KEY (DeptID) REFERENCES Departments(DeptID)
);

INSERT INTO Employees (EmpID, EmpName, Salary, DeptID) VALUES
(1, 'Alice', 70000, 1),
(2, 'Bob', 60000, 1),
(3, 'Charlie', 50000, 1),
(4, 'Diana', 55000, 2),
(5, 'Eve', 65000, 2),
(6, 'Frank', 40000, 3);
select * from Employees;

-- correlated subquery is a TYPE Of subquery that is executed or depends on outer query.

-- subquery is independent whereas correlated subquery depends on the outer query.

-- get the name of the employee who have the salary greater than the avg salary of the dept.
select e.empname
from employees as e
where e.salary > (select avg(salary) from employees as e_in where e_in.deptid = e.deptid);


-- select e.empname 
-- from employees as e 
-- join employees as e2
-- on e.deptid = e2.deptid
-- where e.salary > (select avg(salary) from employees); 


-- correlated more

use regex2;
CREATE TABLE Students (
    StudentID INT PRIMARY KEY,
    StudentName VARCHAR(100),
    Department VARCHAR(50)
);

INSERT INTO Students (StudentID, StudentName, Department) VALUES
(1, 'Alice', 'Computer Science'),
(2, 'Bob', 'Computer Science'),
(3, 'Charlie', 'Mathematics'),
(4, 'Diana', 'Mathematics'),
(5, 'Eve', 'Physics');


CREATE TABLE Courses (
    CourseID INT PRIMARY KEY,
    CourseName VARCHAR(100),
    Department VARCHAR(50)
);

INSERT INTO Courses (CourseID, CourseName, Department) VALUES
(101, 'Data Structures', 'Computer Science'),
(102, 'Algorithms', 'Computer Science'),
(201, 'Calculus', 'Mathematics'),
(202, 'Linear Algebra', 'Mathematics'),
(301, 'Quantum Mechanics', 'Physics');

select * from Students;
select *  from Courses;

--   last table

CREATE TABLE Enrollments (
    StudentID INT,
    CourseID INT,
    Grade DECIMAL(5, 2),
    PRIMARY KEY (StudentID, CourseID),
    FOREIGN KEY (StudentID) REFERENCES Students(StudentID),
    FOREIGN KEY (CourseID) REFERENCES Courses(CourseID)
);

INSERT INTO Enrollments (StudentID, CourseID, Grade) VALUES
(1, 101, 88.5),
(1, 102, 92.0),
(2, 101, 76.0),
(2, 102, 81.5),
(3, 201, 85.0),
(3, 202, 90.0),
(4, 201, 78.0),
(4, 202, 82.5),
(5, 301, 91.0);

-- Find the name of students who have got higher grades than the avg grades of all the students in the same course.
select s.studentname, e.courseid, e.grade
from students as s
join enrollments as e 
on s.studentid = e.studentid
where e.grade > (select avg(grade)
from enrollments as e_in
where e_in.courseid =  e.courseid);